{
	"partitions" : [
		{
			"name" : "Top",
			"pins" : [
				{
					"name" : "Y0",
					"strict" : false
				},
				{
					"name" : "Y1",
					"strict" : false
				},
				{
					"name" : "Y2",
					"strict" : false
				},
				{
					"name" : "S1",
					"strict" : false
				},
				{
					"name" : "S5",
					"strict" : false
				},
				{
					"name" : "S3",
					"strict" : false
				},
				{
					"name" : "S7",
					"strict" : false
				},
				{
					"name" : "S2",
					"strict" : false
				},
				{
					"name" : "S6",
					"strict" : false
				},
				{
					"name" : "S4",
					"strict" : false
				}
			]
		}
	]
}