{
	"partitions" : [
		{
			"name" : "Top",
			"pins" : [
				{
					"name" : "Y1[0]",
					"strict" : false
				},
				{
					"name" : "Y1[1]",
					"strict" : false
				},
				{
					"name" : "Y1[2]",
					"strict" : false
				},
				{
					"name" : "Y1[3]",
					"strict" : false
				},
				{
					"name" : "Y1[4]",
					"strict" : false
				},
				{
					"name" : "Y1[5]",
					"strict" : false
				},
				{
					"name" : "Y1[6]",
					"strict" : false
				},
				{
					"name" : "Y1[7]",
					"strict" : false
				},
				{
					"name" : "Y1[8]",
					"strict" : false
				},
				{
					"name" : "Y1[9]",
					"strict" : false
				},
				{
					"name" : "Y1[10]",
					"strict" : false
				},
				{
					"name" : "Y1[11]",
					"strict" : false
				},
				{
					"name" : "Y1[12]",
					"strict" : false
				},
				{
					"name" : "Y1[13]",
					"strict" : false
				},
				{
					"name" : "Y1[14]",
					"strict" : false
				},
				{
					"name" : "Y1[15]",
					"strict" : false
				},
				{
					"name" : "Y1[16]",
					"strict" : false
				},
				{
					"name" : "Y1[17]",
					"strict" : false
				},
				{
					"name" : "Y1[18]",
					"strict" : false
				},
				{
					"name" : "Y1[19]",
					"strict" : false
				},
				{
					"name" : "Y1[20]",
					"strict" : false
				},
				{
					"name" : "Y1[21]",
					"strict" : false
				},
				{
					"name" : "Y1[22]",
					"strict" : false
				},
				{
					"name" : "Y1[23]",
					"strict" : false
				},
				{
					"name" : "Y1[24]",
					"strict" : false
				},
				{
					"name" : "Y1[25]",
					"strict" : false
				},
				{
					"name" : "Y1[26]",
					"strict" : false
				},
				{
					"name" : "Y1[27]",
					"strict" : false
				},
				{
					"name" : "Y1[28]",
					"strict" : false
				},
				{
					"name" : "Y1[29]",
					"strict" : false
				},
				{
					"name" : "Y1[30]",
					"strict" : false
				},
				{
					"name" : "Y1[31]",
					"strict" : false
				},
				{
					"name" : "Y2[0]",
					"strict" : false
				},
				{
					"name" : "Y2[1]",
					"strict" : false
				},
				{
					"name" : "Y2[2]",
					"strict" : false
				},
				{
					"name" : "Y2[3]",
					"strict" : false
				},
				{
					"name" : "Y2[4]",
					"strict" : false
				},
				{
					"name" : "Y2[5]",
					"strict" : false
				},
				{
					"name" : "Y2[6]",
					"strict" : false
				},
				{
					"name" : "Y2[7]",
					"strict" : false
				},
				{
					"name" : "Y2[8]",
					"strict" : false
				},
				{
					"name" : "Y2[9]",
					"strict" : false
				},
				{
					"name" : "Y2[10]",
					"strict" : false
				},
				{
					"name" : "Y2[11]",
					"strict" : false
				},
				{
					"name" : "Y2[12]",
					"strict" : false
				},
				{
					"name" : "Y2[13]",
					"strict" : false
				},
				{
					"name" : "Y2[14]",
					"strict" : false
				},
				{
					"name" : "Y2[15]",
					"strict" : false
				},
				{
					"name" : "Y2[16]",
					"strict" : false
				},
				{
					"name" : "Y2[17]",
					"strict" : false
				},
				{
					"name" : "Y2[18]",
					"strict" : false
				},
				{
					"name" : "Y2[19]",
					"strict" : false
				},
				{
					"name" : "Y2[20]",
					"strict" : false
				},
				{
					"name" : "Y2[21]",
					"strict" : false
				},
				{
					"name" : "Y2[22]",
					"strict" : false
				},
				{
					"name" : "Y2[23]",
					"strict" : false
				},
				{
					"name" : "Y2[24]",
					"strict" : false
				},
				{
					"name" : "Y2[25]",
					"strict" : false
				},
				{
					"name" : "Y2[26]",
					"strict" : false
				},
				{
					"name" : "Y2[27]",
					"strict" : false
				},
				{
					"name" : "Y2[28]",
					"strict" : false
				},
				{
					"name" : "Y2[29]",
					"strict" : false
				},
				{
					"name" : "Y2[30]",
					"strict" : false
				},
				{
					"name" : "Y2[31]",
					"strict" : false
				},
				{
					"name" : "A[0]",
					"strict" : false
				},
				{
					"name" : "S",
					"strict" : false
				},
				{
					"name" : "A[1]",
					"strict" : false
				},
				{
					"name" : "A[2]",
					"strict" : false
				},
				{
					"name" : "A[3]",
					"strict" : false
				},
				{
					"name" : "A[4]",
					"strict" : false
				},
				{
					"name" : "A[5]",
					"strict" : false
				},
				{
					"name" : "A[6]",
					"strict" : false
				},
				{
					"name" : "A[7]",
					"strict" : false
				},
				{
					"name" : "A[8]",
					"strict" : false
				},
				{
					"name" : "A[9]",
					"strict" : false
				},
				{
					"name" : "A[10]",
					"strict" : false
				},
				{
					"name" : "A[11]",
					"strict" : false
				},
				{
					"name" : "A[12]",
					"strict" : false
				},
				{
					"name" : "A[13]",
					"strict" : false
				},
				{
					"name" : "A[14]",
					"strict" : false
				},
				{
					"name" : "A[15]",
					"strict" : false
				},
				{
					"name" : "A[16]",
					"strict" : false
				},
				{
					"name" : "A[17]",
					"strict" : false
				},
				{
					"name" : "A[18]",
					"strict" : false
				},
				{
					"name" : "A[19]",
					"strict" : false
				},
				{
					"name" : "A[20]",
					"strict" : false
				},
				{
					"name" : "A[21]",
					"strict" : false
				},
				{
					"name" : "A[22]",
					"strict" : false
				},
				{
					"name" : "A[23]",
					"strict" : false
				},
				{
					"name" : "A[24]",
					"strict" : false
				},
				{
					"name" : "A[25]",
					"strict" : false
				},
				{
					"name" : "A[26]",
					"strict" : false
				},
				{
					"name" : "A[27]",
					"strict" : false
				},
				{
					"name" : "A[28]",
					"strict" : false
				},
				{
					"name" : "A[29]",
					"strict" : false
				},
				{
					"name" : "A[30]",
					"strict" : false
				},
				{
					"name" : "A[31]",
					"strict" : false
				}
			]
		}
	]
}