{
	"partitions" : [
		{
			"name" : "Top",
			"pins" : [
				{
					"name" : "RC[0]",
					"strict" : false
				},
				{
					"name" : "RC[1]",
					"strict" : false
				},
				{
					"name" : "RC[2]",
					"strict" : false
				},
				{
					"name" : "RC[3]",
					"strict" : false
				},
				{
					"name" : "RC[4]",
					"strict" : false
				},
				{
					"name" : "RC[5]",
					"strict" : false
				},
				{
					"name" : "RC[6]",
					"strict" : false
				},
				{
					"name" : "RC[7]",
					"strict" : false
				},
				{
					"name" : "RC[8]",
					"strict" : false
				},
				{
					"name" : "RC[9]",
					"strict" : false
				},
				{
					"name" : "RC[10]",
					"strict" : false
				},
				{
					"name" : "RC[11]",
					"strict" : false
				},
				{
					"name" : "RC[12]",
					"strict" : false
				},
				{
					"name" : "RC[13]",
					"strict" : false
				},
				{
					"name" : "RC[14]",
					"strict" : false
				},
				{
					"name" : "RC[15]",
					"strict" : false
				},
				{
					"name" : "STOP",
					"strict" : false
				},
				{
					"name" : "B_in[0]",
					"strict" : false
				},
				{
					"name" : "clk",
					"strict" : false
				},
				{
					"name" : "reset",
					"strict" : false
				},
				{
					"name" : "B_in[1]",
					"strict" : false
				},
				{
					"name" : "B_in[2]",
					"strict" : false
				},
				{
					"name" : "B_in[3]",
					"strict" : false
				},
				{
					"name" : "B_in[4]",
					"strict" : false
				},
				{
					"name" : "B_in[5]",
					"strict" : false
				},
				{
					"name" : "B_in[6]",
					"strict" : false
				},
				{
					"name" : "B_in[7]",
					"strict" : false
				},
				{
					"name" : "START",
					"strict" : false
				},
				{
					"name" : "A_in[0]",
					"strict" : false
				},
				{
					"name" : "A_in[1]",
					"strict" : false
				},
				{
					"name" : "A_in[2]",
					"strict" : false
				},
				{
					"name" : "A_in[3]",
					"strict" : false
				},
				{
					"name" : "A_in[4]",
					"strict" : false
				},
				{
					"name" : "A_in[5]",
					"strict" : false
				},
				{
					"name" : "A_in[6]",
					"strict" : false
				},
				{
					"name" : "A_in[7]",
					"strict" : false
				}
			]
		}
	]
}